{
  "hash": "a917395a",
  "configHash": "c78b4fda",
  "lockfileHash": "80ddabf6",
  "browserHash": "c5fafb58",
  "optimized": {
    "@angular/common": {
      "src": "../../../../../../node_modules/@angular/common/fesm2022/common.mjs",
      "file": "@angular_common.js",
      "fileHash": "2d7c1541",
      "needsInterop": false
    },
    "@angular/common/http": {
      "src": "../../../../../../node_modules/@angular/common/fesm2022/http.mjs",
      "file": "@angular_common_http.js",
      "fileHash": "0ef13c84",
      "needsInterop": false
    },
    "@angular/core": {
      "src": "../../../../../../node_modules/@angular/core/fesm2022/core.mjs",
      "file": "@angular_core.js",
      "fileHash": "39e540c3",
      "needsInterop": false
    },
    "@angular/forms": {
      "src": "../../../../../../node_modules/@angular/forms/fesm2022/forms.mjs",
      "file": "@angular_forms.js",
      "fileHash": "23f994a1",
      "needsInterop": false
    },
    "@angular/platform-browser": {
      "src": "../../../../../../node_modules/@angular/platform-browser/fesm2022/platform-browser.mjs",
      "file": "@angular_platform-browser.js",
      "fileHash": "1febb6e7",
      "needsInterop": false
    },
    "@angular/router": {
      "src": "../../../../../../node_modules/@angular/router/fesm2022/router.mjs",
      "file": "@angular_router.js",
      "fileHash": "c2ef85be",
      "needsInterop": false
    },
    "jwt-decode": {
      "src": "../../../../../../node_modules/jwt-decode/build/esm/index.js",
      "file": "jwt-decode.js",
      "fileHash": "55d0128f",
      "needsInterop": false
    },
    "rxjs": {
      "src": "../../../../../../node_modules/rxjs/dist/esm5/index.js",
      "file": "rxjs.js",
      "fileHash": "1eb91f59",
      "needsInterop": false
    },
    "rxjs/operators": {
      "src": "../../../../../../node_modules/rxjs/dist/esm5/operators/index.js",
      "file": "rxjs_operators.js",
      "fileHash": "ec450aa2",
      "needsInterop": false
    }
  },
  "chunks": {
    "chunk-RL4PNVYE": {
      "file": "chunk-RL4PNVYE.js"
    },
    "chunk-SV2IHZY6": {
      "file": "chunk-SV2IHZY6.js"
    },
    "chunk-X23G7ZNV": {
      "file": "chunk-X23G7ZNV.js"
    },
    "chunk-7UAGZOV6": {
      "file": "chunk-7UAGZOV6.js"
    },
    "chunk-WPM5VTLQ": {
      "file": "chunk-WPM5VTLQ.js"
    },
    "chunk-PEBH6BBU": {
      "file": "chunk-PEBH6BBU.js"
    },
    "chunk-4S3KYZTJ": {
      "file": "chunk-4S3KYZTJ.js"
    },
    "chunk-WDMUDEB6": {
      "file": "chunk-WDMUDEB6.js"
    }
  }
}